{"cameraMode":{"drawMode":0,"name":"Shaded","section":"Shading Mode"},"sceneLighting":false,"audioPlay":false,"sceneViewState":{"showFog":true,"showMaterialUpdate":false,"showSkybox":false,"showFlares":true,"showImageEffects":true,"showParticleSystems":true},"in2DMode":false,"pivot":{"x":0.0000019073486328125,"y":0.544814944267273,"z":-0.005593776702880859},"rotation":{"x":-0.07940611243247986,"y":0.8820957541465759,"z":-0.1607966274023056,"w":-0.43560469150543215},"size":2.5520389080047609,"orthographic":false}